filename,width,height,class,xmin,ymin,xmax,ymax
pelvis_circumference_img_103-0_jpg.rf.07a99c9534703a032ede65aa8d59e3cf.jpg,1000,1333,Wrist,39,272,334,508
pelvis_circumference_img_103-0_jpg.rf.07a99c9534703a032ede65aa8d59e3cf.jpg,1000,1333,Hip,289,981,751,1219
waist_circumference_img_92-0_jpg.rf.339b386e8894ef58aaf825ce5f2a51b4.jpg,1000,1333,Waist,226,696,868,998
waist_circumference_img_92-0_jpg.rf.339b386e8894ef58aaf825ce5f2a51b4.jpg,1000,1333,Chest,165,218,852,539
front_build_img_34-0_tbr_jpg.rf.0599e358d7a011a8bc4b2440c9822da2.jpg,1000,1333,Chest,56,366,931,724
waist_circumference_img_77-0_jpg.rf.0073efcc919c201269d7c9d958521a90.jpg,1000,1333,Waist,195,549,795,841
waist_circumference_img_77-0_jpg.rf.0073efcc919c201269d7c9d958521a90.jpg,1000,1333,Chest,150,47,786,244
neck_pelvis_length_front_img_65-0_tbr_jpg.rf.27e7f3512c96bf02d16d75a2a49cb9dc.jpg,960,1280,Shirt length,0,179,740,1125
thigh_circumference_img_55-0_jpg.rf.1c889d227b3bd94a21df3521bf6dbd42.jpg,1000,1778,Hips,90,666,780,1075
neck_waist_length_front_img_48-0_tbr_jpg.rf.0e22fc01c654e22e6f69756f60d51b3d.jpg,1000,1333,Chest,230,323,807,610
neck_waist_length_front_img_48-0_tbr_jpg.rf.0e22fc01c654e22e6f69756f60d51b3d.jpg,1000,1333,Waist,237,920,843,1177
neck_waist_length_front_img_48-0_tbr_jpg.rf.0e22fc01c654e22e6f69756f60d51b3d.jpg,1000,1333,Bicep,800,497,1000,633
neck_waist_length_back_img_41-0_tbr_jpg.rf.0d96ade3ec2b60d1bc1bde9bf4088b5c.jpg,1000,1333,Shirt length,63,139,987,1301
neck_waist_length_back_img_41-0_tbr_jpg.rf.0d96ade3ec2b60d1bc1bde9bf4088b5c.jpg,1000,1333,Shoulder,23,182,1000,584
neck_circumference_img_34-0_jpg.rf.0e178ac1191a52fa1c07bdf057ad8255.jpg,1000,1333,Neck,343,290,837,603

under_chest_circumference_img_99-0_jpg.rf.03b4f7d588b09af2bc2d3e03ca6efaa0.jpg,1055,1000,Chest,38,360,929,798
arm_length_img_58-0_jpg.rf.2bc2887e20bafd520937aadb39fd8873.jpg,1000,1228,Sleeve,423,60,620,1210
chest_circumference_img_107-0_jpg.rf.041de036684ff5121198e2f71b3b5f9f.jpg,1000,1035,Chest,103,578,885,840
chest_circumference_img_107-0_jpg.rf.041de036684ff5121198e2f71b3b5f9f.jpg,1000,1035,Shoulder,48,350,998,613
arm_circumference_img_32-0_tbr_jpg.rf.167be006aca86058f0fc0240c42f946e.jpg,1000,1333,Bicep,177,625,789,938
neck_circumference_img_43-0_tbr_jpg.rf.2f50091894c7fe33bd3a87033643740b.jpg,960,1280,Neck,220,553,857,907
arm_length_img_60-0_tbr_jpg.rf.1bff859117b60d2e1547d7e4b326304b.jpg,921,2048,Sleeve,332,208,659,1793
neck_circumference_img_33-0_jpg.rf.33f9d42da2336c6bcd1c12d7b5ef2b85.jpg,1000,1778,Neck,176,404,694,727
selfie_img_jpg.rf.00a34fc14d6150cdc6a58f3707682725.jpg,1000,1336,Shoulder,5,815,1000,1184
neck_circumference_img_43-0_tbr_jpg.rf.40b320605dea7ffe1016c87eac66893b.jpg,960,1280,Neck,214,542,862,918
waist_circumference_img_77-0_jpg.rf.424223eafa7586cf48edfc4342d753a8.jpg,1000,1333,Waist,203,573,787,817
waist_circumference_img_77-0_jpg.rf.424223eafa7586cf48edfc4342d753a8.jpg,1000,1333,Chest,153,60,783,230
selfie_img_jpg.rf.3b937463428e4b90801a16aa628ae31f.jpg,1000,1333,Chest,182,1096,804,1307
arm_length_img_58-0_jpg.rf.39a3b202350bfa7fb817d53c93098ac9.jpg,1000,1228,Sleeve,389,56,655,1214
shoulder_width_img_42-0_tbr_jpg.rf.45e0db03c193978e5ff3d5f5244a07b2.jpg,1000,1333,Shoulder,93,500,967,743
shoulder_width_img_42-0_tbr_jpg.rf.45e0db03c193978e5ff3d5f5244a07b2.jpg,1000,1333,Waist,207,1120,763,1317
chest_circumference_img_107-0_jpg.rf.42b925cee6b74ae1ac26c545cdd1d979.jpg,1000,1035,Chest,99,568,888,850
chest_circumference_img_107-0_jpg.rf.42b925cee6b74ae1ac26c545cdd1d979.jpg,1000,1035,Shoulder,47,346,999,616
front_build_img_33-0_tbr_jpg.rf.460688c982bbcc521667e8aaa721923f.jpg,921,2048,Chest,42,784,853,945
front_build_img_33-0_tbr_jpg.rf.460688c982bbcc521667e8aaa721923f.jpg,921,2048,Waist,60,1452,820,1687
front_build_img_33-0_tbr_jpg.rf.460688c982bbcc521667e8aaa721923f.jpg,921,2048,Shoulder,0,414,921,695
front_build_img_33-0_tbr_jpg.rf.460688c982bbcc521667e8aaa721923f.jpg,921,2048,Shirt length,10,410,853,1792
back_build_img_33-0_jpg.rf.492ce6f9420a55c9a899b4f02683c7ee.jpg,1000,1333,Shoulder,21,284,999,670
hips_circumference_img_102-0_tbr_jpg.rf.4de13b5b8a63b9d5763082c29fc3994d.jpg,921,2048,Hip,83,710,889,1129
hips_circumference_img_102-0_tbr_jpg.rf.4de13b5b8a63b9d5763082c29fc3994d.jpg,921,2048,Waist,112,494,913,682
arm_circumference_img_34-0_tbr_jpg.rf.4897992957786586a24bb383e51d7a6b.jpg,720,1280,Bicep,13,633,547,930
front_img_jpg.rf.42dd56fbb616bc43f8f12fc9f5880427.jpg,1000,1778,Shirt length,352,338,668,662
front_img_jpg.rf.42dd56fbb616bc43f8f12fc9f5880427.jpg,1000,1778,Hip,366,681,667,851
back_build_img_36-0_jpg.rf.4d3e52b8393851d785005c791cf2d0d0.jpg,1000,1333,Shoulder,83,187,927,517
side_img_jpg.rf.4a2979b707b6b65132d1fcbc87f381f8.jpg,1000,1778,Shoulder,471,218,619,652
waist_circumference_img_73-0_jpg.rf.5ba4b61e5fdb4a1e8fc95e3213356fab.jpg,1000,1333,Waist,87,660,957,1003
selfie_img_jpg.rf.51ee34c629579018d5bb0bfdc5bec377.jpg,1000,1333,Chest,147,983,763,1233
neck_pelvis_length_front_img_65-0_tbr_jpg.rf.5a3b2f21855c9f64d1e9fac468df713e.jpg,960,1280,Shirt length,30,200,710,1103
neck_waist_length_front_img_42-0_jpg.rf.6488de555a5ef3f63399ff009c879ae6.jpg,1000,1778,Shirt length,180,335,950,1778
neck_circumference_img_41-0_jpg.rf.65165b4fda7a97a1cef3015eb9920ce3.jpg,1000,1333,Neck,246,405,684,635
chest_circumference_img_93-0_jpg.rf.613c1dddc4c52c5e1614be2abde1b8c9.jpg,1000,1333,Chest,123,637,900,803
neck_waist_length_front_img_42-0_jpg.rf.5ccc71577dbda83f842231cecc833476.jpg,1000,1778,Shirt length,180,335,950,1778
front_build_img_34-0_tbr_jpg.rf.69f5edbad0a2742374085819a43e865f.jpg,1000,1333,Chest,60,377,927,713
front_build_img_33-0_tbr_jpg.rf.68cdd21bf705b84017d24b3e6de9178b.jpg,921,2048,Chest,40,770,855,958
front_build_img_33-0_tbr_jpg.rf.68cdd21bf705b84017d24b3e6de9178b.jpg,921,2048,Waist,57,1442,823,1696
front_build_img_33-0_tbr_jpg.rf.68cdd21bf705b84017d24b3e6de9178b.jpg,921,2048,Shoulder,0,390,921,718
front_build_img_33-0_tbr_jpg.rf.68cdd21bf705b84017d24b3e6de9178b.jpg,921,2048,Shirt length,0,396,875,1805
neck_waist_length_front_img_43-0_tbr_jpg.rf.676662d7bbe6c508be5e2fbbe478cda4.jpg,1000,1336,Shirt length,149,201,838,1125
upper_arm_length_img_30-0_jpg.rf.6abcc944dd214aac3770274998edf0db.jpg,1000,1333,Bicep,508,479,822,744
upper_arm_length_img_30-0_jpg.rf.6abcc944dd214aac3770274998edf0db.jpg,1000,1333,Wrist,15,876,148,1071
arm_length_img_58-0_tbr_jpg.rf.6a6a7173a74df4faf4d83010970c109f.jpg,1000,1333,Shoulder,276,281,551,1029
arm_length_img_58-0_tbr_jpg.rf.6a6a7173a74df4faf4d83010970c109f.jpg,1000,1333,Wrist,376,939,511,1025
hips_circumference_img_102-0_tbr_jpg.rf.6fb00449a51be853e56e4a2dec6abb2c.jpg,921,2048,Hip,81,706,891,1132
hips_circumference_img_102-0_tbr_jpg.rf.6fb00449a51be853e56e4a2dec6abb2c.jpg,921,2048,Waist,107,460,917,716
upper_arm_length_img_30-0_jpg.rf.6bf78f27af4f77b7e00ada51c6464a70.jpg,1000,1333,Bicep,517,490,813,733
upper_arm_length_img_30-0_jpg.rf.6bf78f27af4f77b7e00ada51c6464a70.jpg,1000,1333,Wrist,17,877,147,1070
side_img_jpg.rf.6c183e9a366431e13522d6ee363a35ca.jpg,1000,1778,Sleeve,559,225,693,619
side_img_jpg.rf.6c183e9a366431e13522d6ee363a35ca.jpg,1000,1778,Hip,502,617,686,729
neck_circumference_img_36-0_tbr_jpg.rf.704aa2eb69d39ba1bb8d504864ecb050.jpg,1000,1336,Neck,428,783,1000,1243
selfie_img_jpg.rf.74e2e09417e3084b51994c95d8ad6229.jpg,1000,1336,Shoulder,13,853,1000,1147
upper_arm_length_img_27-0_jpg.rf.70be15148cb9277827d1e7b42adda20e.jpg,1000,1336,Sleeve,283,143,987,1040
under_chest_circumference_img_99-0_jpg.rf.6a864011429dbc1be6e32ad10df57a7d.jpg,1055,1000,Chest,50,393,918,765
waist_circumference_img_73-0_tbr_jpg.rf.75b6384db1ac4b98b3a9cfda3b955dbb.jpg,1000,1328,Waist,187,563,653,707
waist_circumference_img_73-0_tbr_jpg.rf.75b6384db1ac4b98b3a9cfda3b955dbb.jpg,1000,1328,Chest,160,243,657,420
waist_circumference_img_73-0_tbr_jpg.rf.75b6384db1ac4b98b3a9cfda3b955dbb.jpg,1000,1328,Hip,107,903,740,1120
back_build_img_40-0_jpg.rf.7f8c06a6fad0411de3a824c8659215b5.jpg,1280,960,Shoulder,56,253,1249,647
shoulder_width_img_42-0_tbr_jpg.rf.75a6d689e31a696df8b50c2a19f87386.jpg,1000,1333,Shoulder,86,463,974,780
shoulder_width_img_42-0_tbr_jpg.rf.75a6d689e31a696df8b50c2a19f87386.jpg,1000,1333,Waist,206,1118,764,1319
front_build_img_38-0_tbr_jpg.rf.7cd082f428b4ecefb780d4ee2ad5a856.jpg,1280,960,Chest,218,445,1083,675
back_build_img_33-0_jpg.rf.7fbbe16eb32c570fd179d71b7f988fc9.jpg,1000,1333,Shoulder,27,300,993,653
waist_circumference_img_92-0_jpg.rf.7ba1b31be8c0c2fb2d33394647cc930b.jpg,1000,1333,Waist,233,717,860,977
waist_circumference_img_92-0_jpg.rf.7ba1b31be8c0c2fb2d33394647cc930b.jpg,1000,1333,Chest,173,243,843,513
neck_circumference_img_31-0_jpg.rf.7be20254ddacb2cee9d05ee43c7f0f0b.jpg,1000,1333,Neck,307,250,783,567
pelvis_circumference_img_106-0_jpg.rf.80152ecfd6b1c0be9b7fe434bef3ba2a.jpg,1000,1333,Hip,250,493,900,807
neck_circumference_img_34-0_jpg.rf.7baa683deb5e058923e9aeeadfb8d5c0.jpg,1000,1333,Neck,338,282,842,612
hips_circumference_img_93-0_jpg.rf.85dde37eaa6bc560efe62e5923dd22c3.jpg,1000,1634,Hip,180,1150,810,1560
side_img_jpg.rf.817a11049fef79a7156f8c5a640be718.jpg,1000,1778,Sleeve,572,228,680,616
side_img_jpg.rf.817a11049fef79a7156f8c5a640be718.jpg,1000,1778,Hip,502,618,686,728
front_img_jpg.rf.7227df58c1270c6cf324d7bc113f862f.jpg,1000,1333,Hip,355,433,540,525
front_img_jpg.rf.7227df58c1270c6cf324d7bc113f862f.jpg,1000,1333,Chest,387,267,543,350
front_img_jpg.rf.7227df58c1270c6cf324d7bc113f862f.jpg,1000,1333,Shoulder,518,223,580,460
front_img_jpg.rf.7227df58c1270c6cf324d7bc113f862f.jpg,1000,1333,Wrist,327,442,358,477
front_img_jpg.rf.7227df58c1270c6cf324d7bc113f862f.jpg,1000,1333,Neck,437,184,489,233
pelvis_circumference_img_101-0_tbr_jpg.rf.8943dca68ef48ea8dab45397e4dd791b.jpg,960,1280,Hip,173,490,833,830
neck_circumference_img_33-0_jpg.rf.911f553a9800961a5e4efdf97bd31f86.jpg,1000,1778,Neck,180,410,690,720
pelvis_circumference_img_103-0_jpg.rf.8a5a83730818ed745cef372cdf2d4fd2.jpg,1000,1333,Wrist,40,273,333,507
pelvis_circumference_img_103-0_jpg.rf.8a5a83730818ed745cef372cdf2d4fd2.jpg,1000,1333,Hip,290,983,750,1217
side_img_jpg.rf.9513b9f2a5b002c591b24f17a8c9f8da.jpg,1000,1778,Shoulder,480,220,610,650
neck_waist_length_back_img_53-0_jpg.rf.88cc552648b3c6dfb3bdc4ae14fa3a33.jpg,960,1280,Shoulder,0,198,960,581
back_build_img_42-0_jpg.rf.9895a97e712d290848461e54732ba7a3.jpg,1050,1000,Shoulder,88,68,1010,435
back_build_img_42-0_jpg.rf.9895a97e712d290848461e54732ba7a3.jpg,1050,1000,Waist,205,748,848,980
back_build_img_40-0_jpg.rf.91a9837d55813d27cc0399ee74d156f0.jpg,1280,960,Shoulder,58,258,1248,643
arm_circumference_img_32-0_tbr_jpg.rf.9a7a65ac7b80f377f5e3fca511aa2fa3.jpg,1000,1333,Bicep,180,630,787,933
neck_circumference_img_41-0_jpg.rf.989973475c6d6ada5fb4a307d26dfe9e.jpg,1000,1333,Neck,247,407,683,633
front_build_img_42-0_jpg.rf.9b78cb2a9c32086ad591dce07bf4cd3f.jpg,1018,1000,Shoulder,498,0,650,0
front_build_img_42-0_jpg.rf.9b78cb2a9c32086ad591dce07bf4cd3f.jpg,1018,1000,Shoulder,35,308,1001,513
front_build_img_42-0_jpg.rf.9b78cb2a9c32086ad591dce07bf4cd3f.jpg,1018,1000,Chest,45,543,915,800
neck_waist_length_front_img_55-0_tbr_jpg.rf.9b7f5e3a498681d2bb0f1c0685c978d3.jpg,960,1280,Chest,157,237,783,483
neck_waist_length_front_img_55-0_tbr_jpg.rf.9b7f5e3a498681d2bb0f1c0685c978d3.jpg,960,1280,Shirt length,150,160,757,1067
neck_waist_length_front_img_55-0_tbr_jpg.rf.9b7f5e3a498681d2bb0f1c0685c978d3.jpg,960,1280,Waist,163,890,703,1090
neck_waist_length_front_img_43-0_tbr_jpg.rf.92846f78d1aa9761bfb451115704a396.jpg,1000,1336,Shirt length,157,207,830,1120
neck_waist_length_front_img_41-0_tbr_jpg.rf.9fec9aca636b392e4744d26f2bb4e9ff.jpg,1000,1333,Shirt length,12,185,828,1179
waist_circumference_img_101-0_tbr_jpg.rf.a20a82ae426954b71a8820aab2617538.jpg,960,1280,Waist,118,454,855,752
thigh_circumference_img_55-0_jpg.rf.9ad74ceea9d12e56822ab114925787bb.jpg,1000,1778,Hips,100,685,770,1055
neck_waist_length_front_img_48-0_tbr_jpg.rf.a0abb11299be2d793f058d3a743ac0c8.jpg,1000,1333,Chest,221,302,816,632
neck_waist_length_front_img_48-0_tbr_jpg.rf.a0abb11299be2d793f058d3a743ac0c8.jpg,1000,1333,Waist,234,912,846,1184
neck_waist_length_front_img_48-0_tbr_jpg.rf.a0abb11299be2d793f058d3a743ac0c8.jpg,1000,1333,Bicep,796,491,1000,638
hips_circumference_img_93-0_jpg.rf.aa78941782c1f0e16e3156e0bb25cb40.jpg,1000,1634,Hip,165,1124,825,1586
neck_pelvis_length_front_img_60-0_tbr_jpg.rf.a624fbdcec32453c4c2a7195aae0d4af.jpg,1000,1336,Shoulder,663,213,1000,1283
neck_pelvis_length_front_img_58-0_jpg.rf.abb51b4f4280aa4ab0bf70c3f5082b92.jpg,1000,1778,Shirt length,50,195,750,1510
waist_circumference_img_73-0_jpg.rf.ab10f477dea19ec9867339461b723108.jpg,1000,1333,Waist,87,660,957,1003
selfie_img_jpg.rf.ae428bf8576ad0bfbf4495d2a841f8f8.jpg,1000,1333,Shoulder,0,803,1000,1077
selfie_img_jpg.rf.ae428bf8576ad0bfbf4495d2a841f8f8.jpg,1000,1333,Neck,303,716,663,874
selfie_img_jpg.rf.a23aced078e5fde75153e8883814e1fe.jpg,1000,1333,Chest,142,970,768,1246
shoulder_width_img_40-0_tbr_jpg.rf.aee05cb43d1c7ebeae3a6c2a44d7a33f.jpg,1280,960,Shoulder,50,578,1265,903
waist_circumference_img_73-0_tbr_jpg.rf.ae911db25115736f8bca4b0adb281c36.jpg,1000,1328,Waist,184,553,656,717
waist_circumference_img_73-0_tbr_jpg.rf.ae911db25115736f8bca4b0adb281c36.jpg,1000,1328,Chest,159,241,657,422
waist_circumference_img_73-0_tbr_jpg.rf.ae911db25115736f8bca4b0adb281c36.jpg,1000,1328,Hip,102,887,745,1136
pelvis_circumference_img_96-0_jpg.rf.af8023b2072576dc19beaf6d0b8a2f96.jpg,1000,1333,Hip,241,497,879,793
neck_pelvis_length_front_img_60-0_tbr_jpg.rf.b32081afba43ad2b0cae1aa0cee375a6.jpg,1000,1336,Shoulder,654,210,1000,1286
arm_length_img_60-0_tbr_jpg.rf.b6d8a949209ce771416eb7dafe669558.jpg,921,2048,Sleeve,298,202,692,1798
back_build_img_42-0_jpg.rf.bf6b27608085cfd80ce2db412eee5f7d.jpg,1050,1000,Shoulder,79,44,1018,458
back_build_img_42-0_jpg.rf.bf6b27608085cfd80ce2db412eee5f7d.jpg,1050,1000,Waist,196,718,855,1000
neck_circumference_img_36-0_tbr_jpg.rf.b1aa94ef3f6488c95f8d6f9c54eba779.jpg,1000,1336,Neck,443,803,1000,1223
neck_waist_length_back_img_53-0_jpg.rf.bf7e3f27dbceb446eea6eb4c910ee141.jpg,960,1280,Shoulder,0,223,960,557
back_build_img_36-0_jpg.rf.c4bb0437dc872bfd800fe249ac1a6ee2.jpg,1000,1333,Shoulder,83,187,927,517
neck_waist_length_back_img_45-0_jpg.rf.b41410792d83adfdfe8df1a14a63ee9d.jpg,1000,1221,Shoulder,76,256,930,571
neck_waist_length_back_img_45-0_jpg.rf.b41410792d83adfdfe8df1a14a63ee9d.jpg,1000,1221,Bicep,44,651,276,832
upper_arm_length_img_27-0_jpg.rf.ca3f0880829c2120ad82c777cbe1a3a1.jpg,1000,1336,Sleeve,246,116,1000,1067
selfie_img_jpg.rf.cb5d08618d96820cf04e39bd9a3dec39.jpg,1000,1333,Shoulder,0,820,997,1060
selfie_img_jpg.rf.cb5d08618d96820cf04e39bd9a3dec39.jpg,1000,1333,Neck,307,727,660,863
shoulder_width_img_40-0_tbr_jpg.rf.cc0c93ffb307ebabd020d7938de39e96.jpg,1280,960,Shoulder,46,562,1269,918
selfie_img_jpg.rf.be0931ce4542b1a35c4b79919f5bc78e.jpg,1000,1333,Chest,187,1117,800,1287
arm_length_img_58-0_tbr_jpg.rf.cc8f6f669e963eb92da3e671a304e451.jpg,1000,1333,Shoulder,310,287,517,1023
arm_length_img_58-0_tbr_jpg.rf.cc8f6f669e963eb92da3e671a304e451.jpg,1000,1333,Wrist,377,940,510,1023
neck_waist_length_back_img_41-0_tbr_jpg.rf.d21e87cf115ab438a99b74984f0bbd9f.jpg,1000,1333,Shirt length,87,157,963,1283
neck_waist_length_back_img_41-0_tbr_jpg.rf.d21e87cf115ab438a99b74984f0bbd9f.jpg,1000,1333,Shoulder,30,203,1000,563
front_build_img_32-0_tbr_jpg.rf.d1c8c34ad7d185a2a04b26082b9c6e2e.jpg,1000,1336,Chest,63,933,947,1153
neck_waist_length_front_img_41-0_tbr_jpg.rf.af7de2fd53cd65c646dd2085ba535322.jpg,1000,1333,Shirt length,50,213,790,1150
waist_circumference_img_101-0_tbr_jpg.rf.dc46f742689fe77cd683a16ced43e663.jpg,960,1280,Waist,123,470,850,737
neck_waist_length_back_img_45-0_jpg.rf.d2d064489300247474ff47be487be611.jpg,1000,1221,Shoulder,80,267,927,560
neck_waist_length_back_img_45-0_jpg.rf.d2d064489300247474ff47be487be611.jpg,1000,1221,Bicep,50,660,270,823
chest_circumference_img_93-0_jpg.rf.cc3e213dfc78556d873bb108e15e9f8f.jpg,1000,1333,Chest,122,627,902,813
neck_waist_length_front_img_55-0_tbr_jpg.rf.d9d3a93d2891eed95727a1d18b0806cf.jpg,960,1280,Chest,156,234,784,486
neck_waist_length_front_img_55-0_tbr_jpg.rf.d9d3a93d2891eed95727a1d18b0806cf.jpg,960,1280,Shirt length,113,137,794,1089
neck_waist_length_front_img_55-0_tbr_jpg.rf.d9d3a93d2891eed95727a1d18b0806cf.jpg,960,1280,Waist,158,872,709,1108
front_img_jpg.rf.e2d7e09d4a7345531835fa60f99dd4a5.jpg,1000,1333,Hip,352,427,543,532
front_img_jpg.rf.e2d7e09d4a7345531835fa60f99dd4a5.jpg,1000,1333,Chest,384,260,546,357
front_img_jpg.rf.e2d7e09d4a7345531835fa60f99dd4a5.jpg,1000,1333,Shoulder,515,223,583,461
front_img_jpg.rf.e2d7e09d4a7345531835fa60f99dd4a5.jpg,1000,1333,Wrist,326,441,359,477
front_img_jpg.rf.e2d7e09d4a7345531835fa60f99dd4a5.jpg,1000,1333,Neck,435,182,491,235
neck_pelvis_length_front_img_58-0_jpg.rf.e3b9e9e0523f091e73bd4c2dcd8afa3f.jpg,1000,1778,Shirt length,22,181,778,1524
pelvis_circumference_img_101-0_tbr_jpg.rf.debb8e7ad45ca2d6899e745d513a2fc0.jpg,960,1280,Hip,168,479,839,841
upper_arm_length_img_28-0_tbr_jpg.rf.e5b8ea570d12936170094955922b2435.jpg,1000,1778,Sleeve,375,430,660,1778
front_build_img_38-0_tbr_jpg.rf.ed701fdf9dcb9163ecc6eebc5786699c.jpg,1280,960,Chest,212,412,1089,708
upper_arm_length_img_28-0_tbr_jpg.rf.e903a24832877c00964fab89546c92a4.jpg,1000,1778,Sleeve,317,422,717,1778
front_img_jpg.rf.dfc9dc5579a55ad889d76461115efd97.jpg,1000,1778,Shirt length,365,350,655,650
front_img_jpg.rf.dfc9dc5579a55ad889d76461115efd97.jpg,1000,1778,Hip,366,682,666,850
front_build_img_32-0_tbr_jpg.rf.e9e670d9de50729745d091135616c299.jpg,1000,1336,Chest,61,926,949,1161
pelvis_circumference_img_106-0_jpg.rf.f0b16f6ffc6339bf7da796bde5635fdb.jpg,1000,1333,Hip,250,493,900,807
neck_circumference_img_31-0_jpg.rf.f25ba35e6c5ae71f523384d5df4717c0.jpg,1000,1333,Neck,317,267,773,550
arm_circumference_img_34-0_tbr_jpg.rf.ffe79070ccd1acf57c1ef39c3ea25b0c.jpg,720,1280,Bicep,13,633,547,930
pelvis_circumference_img_96-0_jpg.rf.eeb5f54c7c40b2361239002964d7d75f.jpg,1000,1333,Hip,247,513,873,777